author_year,outcome_category,plain_language_outcome,plain_language_exposure,age_group,original_effect_size,original_effect_size_type,original_cilb,original_ciub,original_k,original_n,original_i2,converted_r,converted_cilb,converted_ciub,reanalysis_r,reanalysis_cilb_95,reanalysis_ciub_95,reanalysis_cilb_999,reanalysis_ciub_999,reanalysis_i2,reanalysis_n,reanalysis_k,eggers_est,eggers_cilb,eggers_ciub,excess_sig_observed,excess_sig_expected,excess_sig_ratio,excess_sig_pval,excess_sig_power,excess_sig_theta
"Bartel, 2015",health behaviour,Sleep: Bedtime,Computer use: General,Adolescents,0.148,r,0.034,0.263,2,5063,NA,0.148,0.034,0.263,0.132155980050854,0.016540302687022793,0.2477716574146852,-0.06194782999160864,0.3262597900933166,93.97324784000278,5063,2,NA,NA,NA,2,1.7710934972691001,1.129245860302608,0.7836968842657225,,0.132155980050854
"Bartel, 2015",health behaviour,Sleep: Duration,Computer use: General,Adolescents,-0.157,r,-0.175,-0.139,4,7611,NA,-0.157,-0.175,-0.139,-0.16474308788757142,-0.19657963301477954,-0.1329065427603633,-0.21819254083964226,-0.11129363493550057,39.229042944068034,7611,4,NA,NA,NA,4,3.970673621234407,1.0073857439727005,0.9708755874142798,,-0.16474308788757142
"Bartel, 2015",health behaviour,Sleep: Time to fall asleep,Computer use: General,Adolescents,0.04,r,0.04,0.04,1,3282,NA,0.04,0.04,0.04,0.04,0.00583750759366157,0.07416249240633843,-0.017354418430207005,0.09735441843020701,0,3282,1,NA,NA,NA,1,0.631163356045112,1.58437588371104,0.631163356045112,,0.04
"Bartel, 2015",health behaviour,Sleep: Bedtime,Internet use: General,Adolescents,0.212,r,0.09,0.333,4,3867,NA,0.212,0.09,0.333,0.2011365434207757,0.10794792328138034,0.294325163560171,0.04468486978888228,0.3575882170526691,86.12390502082062,3867,4,NA,NA,NA,3,3.4781221824885593,0.8625343914323136,0.9330306849363866,,0.2011365434207757
"Bartel, 2015",health behaviour,Sleep: Duration,Internet use: General,Adolescents,-0.087,r,-0.204,0.031,5,11850,NA,-0.087,-0.204,0.031,-0.12279789348132164,-0.2063218811059762,-0.03927390585666708,-0.2630238956770823,0.017428108714439006,92.19696704593363,11850,5,NA,NA,NA,4,3.634794705497792,1.1004748064450018,0.5828847697075044,,-0.12279789348132164
"Bartel, 2015",health behaviour,Sleep: Time to fall asleep,Internet use: General,Adolescents,0.08,r,-0.03,0.189,3,1729,NA,0.08,-0.03,0.189,0.0920727416298843,-0.010942033364976789,0.19508751662474538,-0.08087577861487003,0.2650212618746386,72.59918933398683,1729,3,NA,NA,NA,1,1.5305169018227818,0.653374032530475,0.8998887199921636,,0.0920727416298843
"Bartel, 2015",health behaviour,Sleep: Bedtime,Screen use: General (mobile phone),Adolescents,0.131,r,0.131,0.131,2,5590,NA,0.131,0.131,0.131,0.13084312032173223,0.10507387575048205,0.15661236489298241,0.08757988243527164,0.1741063582081928,0,5590,3,NA,NA,NA,2,2.400931592409466,0.8330099892570829,0.9999921515148333,,0.13084312032173223
"Bartel, 2015",health behaviour,Sleep: Duration,Screen use: General (mobile phone),Adolescents,-0.104,r,-0.273,0.064,7,18902,NA,-0.104,-0.273,0.064,-0.11704465994237206,-0.17947398775943926,-0.05461533212530487,-0.22185544913620436,-0.01223387074853978,94.22909654964442,18902,7,NA,NA,NA,4,5.506459865793803,0.7264195322384985,0.9731642993685017,,-0.11704465994237206
"Bartel, 2015",health behaviour,Sleep: Time to fall asleep,Screen use: General (mobile phone),Adolescents,0.039,r,0.039,0.039,2,3432,NA,0.039,0.039,0.039,0.03943621832857615,0.006022712834900641,0.07284972382225166,-0.01666074768051746,0.09553318433766975,0,3432,2,NA,NA,NA,1,0.6958827229212607,1.437023749924526,0.6482384938400902,,0.03943621832857615
"Bartel, 2015",health behaviour,Sleep: Bedtime,TV programs and movies: General,Adolescents,0.041,r,-0.112,0.194,8,11712,NA,0.041,-0.112,0.194,0.05929313719471009,-0.0016851351185266025,0.12027140950794679,-0.04308151696710362,0.16166779135652382,90.03974875171521,11712,8,NA,NA,NA,5,4.546253809759054,1.099806612043289,0.5213230477336374,,0.05929313719471009
"Bartel, 2015",health behaviour,Sleep: Duration,TV programs and movies: General,Adolescents,-0.059,r,-0.159,0.041,10,9798,NA,-0.059,-0.159,0.041,-0.05597356771143311,-0.10243329127468478,-0.009513844148181433,-0.13397345114218911,0.022026315719322884,78.04386564231167,9798,10,-0.047360449858584105,-0.1411866822674132,0.046465782550245,4,4.368050364325211,0.9157403569951583,0.7224010271238611,,-0.05597356771143311
"Bartel, 2015",health behaviour,Sleep: Time to fall asleep,TV programs and movies: General,Adolescents,0.01,r,-0.037,0.057,6,5633,NA,0.01,-0.037,0.057,0.02687193822548027,-0.01667274699490668,0.07041662344586722,-0.046233971812815036,0.09997784826377558,42.9998248117161,5633,6,NA,NA,NA,1,1.208773710655234,0.8272847028232727,0.7671828409713458,,0.02687193822548027
"Bartel, 2015",health behaviour,Sleep: Bedtime,Video games: General,Adolescents,0.12,r,0.0424,0.198,6,5916,NA,0.12,0.0424,0.198,0.106656611396124,0.05346386453482834,0.15984935825741964,0.01735285028152847,0.19596037251071952,67.00777723698498,5916,6,NA,NA,NA,4,3.7560640101461233,1.0649445774073447,0.6028660108904146,,0.106656611396124
"Bartel, 2015",health behaviour,Sleep: Duration,Video games: General,Adolescents,-0.059,r,-0.059,-0.059,8,3321,NA,-0.059,-0.059,-0.059,-0.0535777360228465,-0.0976385442468951,-0.009516927798797911,-0.1275501500141137,0.020394677968420705,28.744002806672498,3321,8,NA,NA,NA,2,1.8008926297675016,1.1105603781932316,0.5798972572368608,,-0.0535777360228465
"Bartel, 2015",health behaviour,Sleep: Time to fall asleep,Video games: General,Adolescents,0.031,r,0.031,0.031,8,5945,NA,0.031,0.031,0.031,0.03175542349047354,0.006332503259353216,0.05717834372159387,-0.010926380498245812,0.0744372274791929,0.07901287779104695,5945,8,NA,NA,NA,2,1.115647378283768,1.792681127505231,0.30317603654840486,,0.03175542349047354
"Boyland, 2016",health behaviour,Diet: Food intake,Advertising: Unhealthy food,All,0.56,d,0.18,0.94,13,1575,98,0.2696299255199709,0.08963769949589058,0.4253611398224214,0.2512011537224265,0.12415313235561348,0.37824917508923955,0.03790391265666329,0.4644983947881898,88.83000795475898,1756,13,0.3987012633624018,-0.21528947947703253,1.012692006201836,8,8.956577562077236,0.8931983164945223,0.8135634281152538,,0.2512011537224265
"Carter, 2016",health behaviour,Sleep: Inadequate duration,Screen use: General (mobile phone at bed time),All,2.17,or,1.42,3.32,7,6478,90,0.2826158235451575,0.1307436190968727,0.42188814951096576,0.2068336939896757,0.10289334550982798,0.3107740424695234,0.03233125524522845,0.3813361327341229,94.08022927508398,6849,7,NA,NA,NA,5,5.86671162829791,0.8522661955775442,0.914809932145102,,0.2068336939896757
"Carter, 2016",health behaviour,Sleep: Lethargy,Screen use: General (mobile phone at bed time),All,2.72,or,1.32,5.61,2,1389,50,0.3585639061450145,0.10373735875698897,0.5694486425641824,0.23465402717094608,0.03732704755540689,0.43198100678648527,-0.0966325201284754,0.5659405744703676,86.74214557816765,1389,2,NA,NA,NA,1,1.6829686731348434,0.5941881248076432,0.9826542189742514,,0.23465402717094608
"Carter, 2016",health behaviour,Sleep: Poor quality,Screen use: General (mobile phone at bed time),All,1.46,or,1.14,1.88,7,2673,76,0.14096858651109265,0.049096093745623154,0.2324018115905703,0.1955582572318872,0.10167906363344119,0.2894374508303332,0.037947199833256756,0.3531693146305176,95.26048083749717,14778,7,NA,NA,NA,6,5.940904108697763,1.0099472892039643,0.7139428700793888,,0.1955582572318872
"Ferguson, 2017",psychology,Risky behavior: Sexual activity,Screen use: Sexual content,All,0.037,r,0,0.073,22,11007,75.75897495094078,0.037,0,0.073,0.03701967616782734,0.0016633744240312845,0.0723759779116234,-0.0223389941609832,0.09637834649663787,73.88031486973723,12107,22,0.07021979201327319,-0.10343521815040993,0.2438748021769563,6,7.692743767658104,0.7799557844660377,0.7754165263498708,,0.03701967616782734
"Ferguson, 2017",psychology,Risky behavior: Sexual activity,Screen use: Sexual content,All,0.082,r,0.05,0.113,25,17402,76.64915353181553,0.082,0.05,0.113,0.08207417761578725,0.05176995358030019,0.11237840165127432,0.03119729413606838,0.13295106109550614,75.08381243355133,18127,25,0.11442460018473667,0.025197011284547502,0.20365218908492583,11,12.942221872128947,0.8499313416723663,0.7815313323152894,,0.08207417761578725
"Ferguson, 2017",psychology,Risky behavior: Sexual activity (initiation of sex),Screen use: Sexual content,All,0.079,r,0.039,0.118,16,17019,82.71491126987785,0.079,0.039,0.118,0.0781045131416667,0.03658328022872749,0.11962574605460592,0.008395718540223807,0.1478133077431096,84.95047503707741,17019,16,0.1136639080013613,0.009462290906846499,0.2178655250958761,8,8.859170417125773,0.9030190890712634,0.7655113214341076,,0.0781045131416667
"Hammersley, 2016",physical health,Body composition,Intervention: To promote healthy weight (obesity prevention),All,0.05,d,-0.19,0.3,4,1102,63,0.024992191160203066,-0.09457419252642066,0.14834045293024462,0.09722021257242272,-0.06605758096235595,0.2604980061072014,-0.17690214300304866,0.3713425681478941,81.10460756783056,1102,4,NA,NA,NA,1,1.7062111070276023,0.5860939457498342,0.9179831803458361,,0.09722021257242272
"Liao, 2014",physical health,Body composition,Intervention: Screentime reduction,All,-0.154,d,-0.354,0.045,5,389,0,-0.07677274355477531,-0.17429087548589797,0.02249430684902709,-0.08167125899273281,-0.16565400277750897,0.0023114847920433362,-0.2226674536104072,0.059324935624941594,0,541,5,NA,NA,NA,0,0.686636291113343,0,1,,-0.08167125899273281
"Marshall, 2004",physical health,Body composition,TV programs and movies: General,All,0.066,r,0.056,0.078,52,44707,69.1470054446461,0.066,0.056,0.078,NA,NA,NA,NA,NA,NA,NA,NA,NA,NA,NA,NA,NA,NA,NA,,NA
"Marshall, 2004",physical health,Body composition,TV programs and movies: General,All,0.068,r,0.04,0.096,19,29382,NA,0.068,0.04,0.096,NA,NA,NA,NA,NA,NA,NA,NA,NA,NA,NA,NA,NA,NA,NA,,NA
"Marshall, 2004",physical health,Body composition,TV programs and movies: General,All,0.175,r,0.086,0.264,2,1252,NA,0.175,0.086,0.264,NA,NA,NA,NA,NA,NA,NA,NA,NA,NA,NA,NA,NA,NA,NA,,NA
"Marshall, 2004",physical health,Body composition,TV programs and movies: General,Adolescents,0.057,r,0.037,0.077,12,3196,0,0.057,0.037,0.077,0.06234157046666848,0.02783180855222636,0.0968513323811106,0.004404131323601082,0.12027900960973588,0.040865670955931244,3196,12,0.008620082022181959,-0.06303623513927539,0.08027639918363932,1,2.0805404651096113,0.4806443406268072,0.9197343218833602,,0.06234157046666848
"Marshall, 2004",physical health,Body composition,TV programs and movies: General,Children,0.076,r,0.049,0.103,24,18788,0,0.076,0.049,0.103,NA,NA,NA,NA,NA,NA,NA,NA,NA,NA,NA,NA,NA,NA,NA,,NA
"Marshall, 2004",physical health,Body composition,TV programs and movies: General,Young children,0.146,r,0.089,0.203,4,2047,0,0.146,0.089,0.203,0.1493176339147435,0.04253131049280519,0.25610395733668184,-0.029962829680146547,0.32859809750963354,77.31811726331061,2047,4,NA,NA,NA,2,2.439773548446472,0.8197482103507113,0.8709022893075855,,0.1493176339147435
"Marshall, 2004",health behaviour,Physical activity: General,TV programs and movies: General,Adolescents,-0.113,r,-0.09,-0.136,16,14630,NA,-0.113,-0.09,-0.136,NA,NA,NA,NA,NA,NA,NA,NA,NA,NA,NA,NA,NA,NA,NA,,NA
"Marshall, 2004",health behaviour,Physical activity: General,TV programs and movies: General,Children,-0.09,r,-0.082,-0.098,9,84347,0,-0.09,-0.082,-0.098,NA,NA,NA,NA,NA,NA,NA,NA,NA,NA,NA,NA,NA,NA,NA,,NA
"Marshall, 2004",health behaviour,Physical activity: General,TV programs and movies: General,Young children,-0.046,r,-0.153,0.06,3,631,52.38095238095239,-0.046,-0.153,0.06,NA,NA,NA,NA,NA,NA,NA,NA,NA,NA,NA,NA,NA,NA,NA,,NA
"Marshall, 2004",health behaviour,Physical activity: General,TV programs and movies: General,All,-0.096,r,-0.08,-0.112,39,141505,73.01136363636364,-0.096,-0.08,-0.112,NA,NA,NA,NA,NA,NA,NA,NA,NA,NA,NA,NA,NA,NA,NA,,NA
"Marshall, 2004",physical health,Body composition,Video games: General,All,0.07,r,-0.048,0.188,6,1722,74.48979591836735,0.07,-0.048,0.188,NA,NA,NA,NA,NA,NA,NA,NA,NA,NA,NA,NA,NA,NA,NA,,NA
"Marshall, 2004",health behaviour,Physical activity: General,Video games: General,All,-0.104,r,-0.08,-0.128,10,119942,68.19787985865725,-0.104,-0.08,-0.128,NA,NA,NA,NA,NA,NA,NA,NA,NA,NA,NA,NA,NA,NA,NA,,NA
"McArthur, 2012",education,Literacy: Phonics,Intervention: Literacy (phonics; via computer),All,0.15,d,-0.2,0.51,4,124,0,0.07478994824163424,-0.09950371902099893,0.24709290725239563,0.15220902918440368,-0.021806955828800323,0.3262250141976077,-0.1399413648582792,0.44435942322708655,0,124,4,NA,NA,NA,0,0.5510886172202114,0,1,,0.15220902918440368
"Bochner, 2015",physical health,Body composition,Video games: Physically active,All,-0.08,d,-0.25,0.08,7,588,0,-0.039968038348871575,-0.12403473458920847,0.039968038348871575,-0.05096144006079581,-0.13202940473884509,0.030106524617253466,-0.1870640965100484,0.08514121638845679,0,588,7,NA,NA,NA,0,0.5286909752856832,0,1,,-0.05096144006079581
"Liu, 2016",psychology,Psychological health: Depression,Screen use: General,All,1.12,or,1.03,1.22,21,127714,82.5,0.04247269006706995,0.011084096886732408,0.07443116382839295,0.06199146787996729,0.04045155793869938,0.0835313778212352,0.025828737332495876,0.0981541984274387,91.59135337380668,138942,21,0.056107264872184454,0.020877617679848935,0.09133691206451997,11,13.240845264855873,0.8307626726215455,0.844496106574111,,0.06199146787996729
"de Oliveira, 2016",physical health,Cardiometabolic health: Metabolic Syndrome,Screen use: General,Adolescents,1.2,or,0.91,1.59,6,3881,37,0.06826424901792992,-0.035351766822455354,0.1721682148605621,0.17230274501881582,0.07152467511631162,0.27308081492132,0.003109364131171466,0.34149612590646017,90.19496785853678,3893,6,NA,NA,NA,4,4.649518673730504,0.8603041047237331,0.8735945080323568,,0.17230274501881582
"Zhang, 2016",physical health,Body composition,TV programs and movies: General,Children,1.47,or,1.33,1.62,24,106169,79.2,0.1434765455005599,0.10653627459278282,0.178961678642193,0.11687511302833983,0.08506071721528717,0.14868950884139248,0.06346284591789042,0.17028738013878925,96.17326290991419,104911,24,0.14282490859422994,0.0620480580834179,0.223601759105042,21,20.37649481663681,1.0305992364719232,0.4970227206040915,,0.11687511302833983
"Mares, 2013",psychology,Cognition: Moral reasoning and perception of out-groups,Intervention: Sesame Street,Children,0.189,d,0.114,0.265,17,5837,NA,0.09408085093703687,0.056907628525347566,0.13135199254388466,NA,NA,NA,NA,NA,NA,NA,NA,NA,NA,NA,NA,NA,NA,NA,,NA
"Mares, 2013",education,Learning: General,Intervention: Sesame Street,Children,0.292,d,0.197,0.387,24,10596,NA,0.14446837505010873,0.098025613373211,0.18997611581242357,NA,NA,NA,NA,NA,NA,NA,NA,NA,NA,NA,NA,NA,NA,NA,,NA
"Mares, 2013",education,Learning: Literacy and numeracy,Intervention: Sesame Street,Children,0.284,d,0.165,0.403,15,7604,NA,0.14058964925182363,0.08222066728768936,0.19752982099916758,NA,NA,NA,NA,NA,NA,NA,NA,NA,NA,NA,NA,NA,NA,NA,,NA
"Mares, 2013",education,Learning: Physical and social environment,Intervention: Sesame Street,Children,0.339,d,0.188,0.491,13,7797,NA,0.16711635217582266,0.09358744003060149,0.2384202881820313,NA,NA,NA,NA,NA,NA,NA,NA,NA,NA,NA,NA,NA,NA,NA,,NA
"Mares, 2005",psychology,Aggression: Towards peers,TV programs and movies: General,Children,0.27,z,0.2,0.34,15,747,NA,0.26362483547220333,0.197375320224904,0.32747739480870536,NA,NA,NA,NA,NA,NA,NA,NA,NA,NA,NA,NA,NA,NA,NA,,NA
"Mares, 2005",psychology,Cognition: Reducing stereotypes,TV programs and movies: General,Children,0.22,z,0.18,0.27,37,1814,NA,0.21651806149302882,0.1780808681173302,0.26362483547220333,NA,NA,NA,NA,NA,NA,NA,NA,NA,NA,NA,NA,NA,NA,NA,,NA
"Mares, 2005",psychology,Prosocial Behavior: Altruism,TV programs and movies: General,Children,0.47,z,0.42,0.52,20,856,NA,0.43819931483276775,0.39693043200507755,0.477700012168498,NA,NA,NA,NA,NA,NA,NA,NA,NA,NA,NA,NA,NA,NA,NA,,NA
"Mares, 2005",psychology,Social interactions: General,TV programs and movies: General,Children,0.22,z,0.21,0.3,36,2056,NA,0.21651806149302882,0.20696649972945258,0.2913126124515909,NA,NA,NA,NA,NA,NA,NA,NA,NA,NA,NA,NA,NA,NA,NA,,NA
"van Ekris, 2016",physical health,Body composition,Computer use: General,All,0.002,b,-0.004,0.008,5,6971,72,0.002,-0.004,0.008,NA,NA,NA,NA,NA,NA,NA,NA,NA,NA,NA,NA,NA,NA,NA,,NA
"van Ekris, 2016",physical health,Body composition,TV programs and movies: General,All,0.01,b,-0.002,0.02,9,24257,89,0.01,-0.002,0.02,NA,NA,NA,NA,NA,NA,NA,NA,NA,NA,NA,NA,NA,NA,NA,,NA
"Kroesbergen, 2003",education,Numeracy: General,Intervention: Mathematics (via computer in classrooms),Children,0.51,d,NA,NA,12,872,NA,0.24709290725239563,NA,NA,0.2942235619491757,0.23273643363484567,0.35571069026350577,0.19099460419439535,0.39745251970395606,0.017544025193620572,848,11,0.2440158040677944,0.13709199773512043,0.3509396104004684,6,5.448772377241181,1.1011654707877365,0.47296289586378276,,0.2942235619491757
"Pearce, 2016",psychology,Psychological health: Internalizing,TV programs and movies: Scary content,All,0.18,z,0.14,0.22,31,12454,67.87,0.1780808681173302,0.13909244787845804,0.21651806149302882,NA,NA,NA,NA,NA,NA,NA,NA,NA,NA,NA,NA,NA,NA,NA,,NA
"Peng, 2011",health behaviour,Cardiometabolic health: Maximum oxygen consumption,Video games: Physically active,Children,2.85,d,2.2,3.55,9,172,NA,0.8185566924624129,0.7399400733959437,0.8712476277448775,NA,NA,NA,NA,NA,NA,NA,NA,NA,NA,NA,NA,NA,NA,NA,,NA
"Peng, 2011",health behaviour,Physical activity: Energy expenditure,Video games: Physically active,Children,2.58,d,2.34,2.82,11,203,NA,0.7903408851647239,0.7601731008336426,0.815683258834178,NA,NA,NA,NA,NA,NA,NA,NA,NA,NA,NA,NA,NA,NA,NA,,NA
"Peng, 2011",health behaviour,Physical activity: Heart rate,Video games: Physically active,Children,2.5,d,2.26,2.83,8,165,NA,0.7808688094430304,0.7488700551657237,0.8166478467909506,NA,NA,NA,NA,NA,NA,NA,NA,NA,NA,NA,NA,NA,NA,NA,,NA
"Sadeghirad, 2016",health behaviour,Diet: Unhealthy food choice,Advertising: Unhealthy food,Children,-0.28,d,-0.72,0.16,4,1174,87.7,-0.13864784453440623,-0.33871946827274163,0.07974522228289,0.3114170430357507,-0.040425373520699026,0.6632594595922003,-0.2792809932975032,0.9021150793690046,98.45479563918352,2298,4,NA,NA,NA,2,3.2445241747609366,0.616423207926125,0.9843593616909804,,0.3114170430357507
"Sadeghirad, 2016",health behaviour,Diet: Unhealthy food choice,Advertising: Unhealthy food,Young children,0.46,d,0.21,0.72,8,879,72.7,0.22414769292142694,0.10442593000399553,0.33871946827274163,0.22062846448548284,0.1210448310200067,0.320212097950959,0.05344038831573669,0.38781654065522897,47.98885815278823,710,8,NA,NA,NA,5,4.3256801238302,1.155887596138921,0.4534265559989073,,0.22062846448548284
"Sadeghirad, 2016",health behaviour,Diet: Unhealthy food choice,Advertising: Unhealthy food,All,0.23,d,-0.04,0.5,12,2053,87.6,0.11424702291443903,-0.01999600119960014,0.24253562503633297,NA,NA,NA,NA,NA,NA,NA,NA,NA,NA,NA,NA,NA,NA,NA,,NA
"Takacs, 2014",education,Learning: General,e-Books: Narration,Children,0.19,d,0.06,0.33,38,1272,51.46267873540601,0.09457419252642066,0.02499219116020306,0.16279878299320225,0.18868144716303745,0.14417664109806932,0.23318625322800557,0.11396361806425065,0.26339927626182424,19.51950469569764,2288,50,0.18327528012546115,-0.005906261876109098,0.3724568221270314,12,14.085467666848563,0.851941893860088,0.743973215529201,,0.18868144716303745
"Zucker, 2009",education,Literacy: Decoding,e-Books: General,Children,0.09,d,NA,NA,2,109,NA,0.0449545065814817,-0.1723803317522482,0.25615823848772273,0.09240805650925092,-0.09544970585514982,0.28026581887365165,-0.22298089637672652,0.4077970093952284,0,109,2,NA,NA,NA,0,0.20944612590378284,0,1,,0.09240805650925092
"Zucker, 2009",education,Literacy: Reading comprehension,e-Books: General,Children,0.31,d,NA,NA,7,401,NA,0.15317095441319076,0.02499219116020306,0.2740859796379347,0.22675484338837407,0.1042515623011811,0.34925812447556703,0.021087635065935556,0.4324220517108126,43.19741997253073,401,7,NA,NA,NA,3,3.2050088274995203,0.9360348633861755,0.7011437472734466,,0.22675484338837407
"Williams, 1982",education,Learning: General,TV programs and movies: General,All,-0.05,r,NA,NA,274,87025,NA,-0.05,NA,NA,-0.08697080911011758,-0.1298504713902556,-0.04409114682997956,-0.15896023140720678,-0.014981386813028394,96.32352766199692,86507,23,-0.08951861189332802,-0.15954321790115017,-0.019494005885505858,13,12.673674260493696,1.0257483136144288,0.4455938229747083,,-0.08697080911011758
"Gardella, 2017",education,Learning: Educational achievement problems,Internet use: Cyberbullying victimization,Adolescents,0.14,r,0.08,0.19,7,7768,NA,0.14,0.08,0.19,0.14931679984727078,0.12756776229169295,0.17106583740284861,0.11280297100890835,0.18583062868563321,0,7768,7,NA,NA,NA,7,5.873118567575757,1.1918710510367552,0.21840955072251883,,0.14931679984727078
"Gardella, 2017",education,Learning: School attendance problems,Internet use: Cyberbullying victimization,Adolescents,0.2,r,0.08,0.3,9,23899,NA,0.2,0.08,0.3,0.19575526298344764,0.18389163844114498,0.2076188875257503,0.17583776756171857,0.21567275840517672,0,25242,9,NA,NA,NA,9,8.244772156430944,1.0916008143390568,0.42542839851287495,,0.19575526298344764
"Paik, 1994",psychology,Antisocial Behaviour: General,TV programs and movies: Violent content,Adolescents,0.22,r,0.12,0.32,NA,334,NA,0.22,0.12,0.32,NA,NA,NA,NA,NA,NA,NA,NA,NA,NA,NA,NA,NA,NA,NA,,NA
"Paik, 1994",psychology,Antisocial Behaviour: General,TV programs and movies: Violent content,Young children,0.46,r,0.41,0.51,NA,1117,NA,0.46,0.41,0.51,NA,NA,NA,NA,NA,NA,NA,NA,NA,NA,NA,NA,NA,NA,NA,,NA
"Paik, 1994",psychology,Antisocial Behaviour: General,TV programs and movies: Violent content,Children,0.31,r,0.21,0.4,NA,351,NA,0.31,0.21,0.4,NA,NA,NA,NA,NA,NA,NA,NA,NA,NA,NA,NA,NA,NA,NA,,NA
"Cushing, 2010",health behaviour,Healthy behavior: General,Intervention: Health behaviours,All,0.118,d,0.066,0.171,33,7690,45.90294351630867,0.05889757782126992,0.03298204616246679,0.0851891898530834,0.15397911655496635,0.10377707628185567,0.20418115682807703,0.0696963660569414,0.2382618670529913,81.59643686057768,9525,33,0.12983077616527686,0.018286040939641243,0.24137551139091246,13,16.36595734630207,0.7943317781490725,0.8793843278886198,,0.15397911655496635
"Liao, 2008",education,Learning: General,Intervention: Education (via computer),Children,0.449,d,NA,NA,48,5121,NA,0.21904782088323732,0.14947805423803945,0.28543357855661966,NA,NA,NA,NA,NA,NA,NA,NA,NA,NA,NA,NA,NA,NA,NA,,NA
"Cheung, 2013",education,Numeracy: General,Intervention: Mathematics (in schools),All,0.16,d,0.11,0.2,74,56886,78.88953152111047,0.07974522228289,0.059892290727946725,0.09950371902099893,0.08151677214589761,0.06373757127498408,0.09929597301681115,0.05166778706669774,0.11136575722509749,72.06335967229406,56891,73,0.02612913033050071,-0.0066547779435632,0.05891303860456462,26,31.87725207090305,0.8156286477319137,0.9172683010763841,,0.08151677214589761
"Abrami, 2015",education,Literacy: Listening comprehension,Intervention: Literacy (Abracadabra; in schools),Children,0.184,d,-0.12,0.48,7,1171,82.38,0.09161311025113641,-0.059892290727946725,0.23337295247532416,NA,NA,NA,NA,NA,NA,NA,NA,NA,NA,NA,NA,NA,NA,NA,,NA
"Abrami, 2015",education,Literacy: Phonics,Intervention: Literacy (Abracadabra; in schools),Children,0.189,d,0.08,0.3,19,1238,1,0.09408085093703687,0.039968038348871575,0.14834045293024462,NA,NA,NA,NA,NA,NA,NA,NA,NA,NA,NA,NA,NA,NA,NA,,NA
"Abrami, 2015",education,Literacy: Phonomic awareness,Intervention: Literacy (Abracadabra; in schools),Children,0.324,d,0.22,0.42,20,1753,0,0.1599151828696943,0.1093404791528976,0.2055172342864138,NA,NA,NA,NA,NA,NA,NA,NA,NA,NA,NA,NA,NA,NA,NA,,NA
"Abrami, 2015",education,Literacy: Reading comprehension,Intervention: Literacy (Abracadabra; in schools),Children,0.065,d,-0.06,0.19,6,1045,0,0.03248284952269848,-0.029986509105671005,0.09457419252642066,NA,NA,NA,NA,NA,NA,NA,NA,NA,NA,NA,NA,NA,NA,NA,,NA
"Abrami, 2015",education,Literacy: Reading fluency,Intervention: Literacy (Abracadabra; in schools),Children,0.078,d,-0.13,0.28,6,1725,73.21,0.03897037429124693,-0.06486312108268012,0.13864784453440623,NA,NA,NA,NA,NA,NA,NA,NA,NA,NA,NA,NA,NA,NA,NA,,NA
"Abrami, 2015",education,Literacy: Vocabulary knowledge,Intervention: Literacy (Abracadabra; in schools),Children,0.108,d,-0.08,0.29,15,1167,50.38,0.05392143976953467,-0.039968038348871575,0.14349931046699432,NA,NA,NA,NA,NA,NA,NA,NA,NA,NA,NA,NA,NA,NA,NA,,NA
"Chan, 2014",education,Numeracy: General,Intervention: Dynamic geometry software,All,1.02,d,0.56,1.48,9,587,92,0.45432608279601244,0.2696299255199709,0.5948430054102947,0.4301902109012361,0.2913179399850354,0.5690624818174368,0.19704157994821336,0.6633388418542588,91.1522289986917,1174,9,NA,NA,NA,9,8.14570771862658,1.1048763730399915,0.4032983396447508,,0.4301902109012361
"Graham, 2015",education,Literacy: Writing,Intervention: Writing feedback,Children,0.38,d,0.17,0.59,4,463,0,0.1866606458232702,0.0846945914398115,0.282945147243684,NA,NA,NA,NA,NA,NA,NA,NA,NA,NA,NA,NA,NA,NA,NA,,NA
"Li, 2010",education,Numeracy: General,Intervention: Mathematics,All,0.28,d,0.13,0.43,85,36793,0,0.13864784453440623,0.06486312108268012,0.21019670952302208,0.2954203454044858,0.24003459741736663,0.35080609339160496,0.2024348182555988,0.3884058725533728,96.51024985842041,36793,85,0.3086246039770341,0.19866469228543207,0.4185845156686362,50,61.16323248350896,0.8174845895118635,0.9964852699986284,,0.2954203454044858
"Schroeder, 2013",education,Learning: General,Intervention: With digital characters,Children,0.56,d,0.34,0.78,5,348,0,0.2696299255199709,0.16759549393386897,0.36334527649164394,0.27574042625232315,0.17864972301468549,0.3728311294899608,0.11273765839392935,0.43874319411071694,0,348,5,NA,NA,NA,4,3.440901604167884,1.1624860167913238,0.5010325239619786,,0.27574042625232315
"Slavin, 2014",education,Science: General,Intervention: Science (in schools),Children,0.42,d,NA,NA,6,2384,NA,0.2055172342864138,0.15233563618791116,0.25693965079927134,NA,NA,NA,NA,NA,NA,NA,NA,NA,NA,NA,NA,NA,NA,NA,,NA
"Hurwitz, 2018",education,Literacy: General,Intervention: Literacy videos,Children,0.21,d,0.15,0.27,783,24624,0,0.10442593000399553,0.07478994824163424,0.13378637625248027,NA,NA,NA,NA,NA,NA,NA,NA,NA,NA,NA,NA,NA,NA,NA,,NA
"Ghobadi, 2018",physical health,Body composition,TV programs and movies: Mealtime,All,1.28,or,1.17,1.39,14,41617,72.4,0.09230899377929312,0.05880846966455353,0.12286499554284283,0.07944459222749091,0.05424373795041586,0.10464544650456596,0.03713560833327533,0.12175357612170648,88.02642181503954,64642,14,0.02670719333431215,-0.005540568678968745,0.05895495534759305,12,10.066170484983484,1.1921117388088514,0.14526493512561856,,0.07944459222749091
"Ameryoun, 2018",physical health,Body composition,Video games: Physically active,All,-0.234,d,-0.37,-0.099,10,1233,22.57,-0.11620732250103968,-0.18191319961098118,-0.04943946752957825,-0.12515567209325212,-0.18860113978600712,-0.061710204400497126,-0.2316724290754008,-0.018638915111103438,14.70867715391645,1233,10,-0.0439863751556634,-0.1638886409343231,0.07591589062299628,3,2.812179053542581,1.0667884024741652,0.5837526410860276,,-0.12515567209325212
"Ameryoun, 2018",physical health,Body composition,Video games: Physically active,All,-0.189,d,-0.329,-0.052,6,519,NA,-0.09408085093703687,-0.16231847047660572,-0.025991216453007546,-0.09331647867371418,-0.16452652052037559,-0.022106436827052767,-0.21286895417600493,0.026235996828576566,0,748,6,NA,NA,NA,0,1.0920589231989857,0,0.9999999999999998,,-0.09331647867371418
"Darling, 2017",physical health,Body composition,Intervention: To promote health (via mobile phone),All,-0.42,d,-0.66,-0.19,9,565,NA,-0.2055172342864138,-0.31337745420390184,-0.09457419252642066,NA,NA,NA,NA,NA,NA,NA,NA,NA,NA,NA,NA,NA,NA,NA,,NA
"Darling, 2017",health behaviour,Diet: Healthy dietary behaviour,Intervention: To promote health (via mobile phone),All,0.1,d,0.002,0.024,8,1886,NA,0.04993761694389223,9.99999500000375e-4,0.011999136093300803,NA,NA,NA,NA,NA,NA,NA,NA,NA,NA,NA,NA,NA,NA,NA,,NA
"Darling, 2017",health behaviour,Physical activity: General,Intervention: To promote health (via mobile phone),All,0.489,d,-0.322,1.299,4,346,NA,0.2375040132577503,-0.15895306852137217,0.5446935418108452,NA,NA,NA,NA,NA,NA,NA,NA,NA,NA,NA,NA,NA,NA,NA,,NA
"Coyne, 2018",psychology,Prosocial Behavior: General,Screen use: Prosocial content,Adolescents,0.08,r,0.02,0.14,10,5883,77.3,0.08,0.02,0.14,NA,NA,NA,NA,NA,NA,NA,NA,NA,NA,NA,NA,NA,NA,NA,,NA
"Coyne, 2018",psychology,Prosocial Behavior: General,Screen use: Prosocial content,Children,0.19,r,0.09,0.29,9,3550,82.22,0.19,0.09,0.29,NA,NA,NA,NA,NA,NA,NA,NA,NA,NA,NA,NA,NA,NA,NA,,NA
"Byun, 2018",education,Numeracy: General,Video games: Numeracy,All,0.37,d,NA,NA,17,2008,NA,0.18191319961098118,NA,NA,0.3212828965762703,0.20985997152319413,0.43270582162934645,0.13421817687724658,0.508347616275294,88.06545527383517,2008,25,0.29102016410634607,-0.0717510981485292,0.6537914263612213,12,16.912308943599097,0.7095423835987641,0.9821403970092576,,0.3212828965762703
"Van 't Riet, 2014",physical health,Body composition,Video games: Physically active,All,0.2,d,-0.08,0.48,5,561,NA,0.09950371902099893,-0.039968038348871575,0.23337295247532416,0.13251364911436805,0.04231011898462922,0.2227171792441069,-0.018926443411870858,0.28395374164060694,9.234459089429825,561,5,NA,NA,NA,2,1.415635480584885,1.4127930723901314,0.435297095893231,,0.13251364911436805
"Tekedere, 2016",education,Learning: General,Intervention: Augmented reality (in schools),All,0.677,d,0.491,0.863,15,1560,60.776,0.3206288606405904,0.2384202881820313,0.3961897713544536,0.3346449524696079,0.24695141627589878,0.422338488663317,0.18741881601987648,0.48187108891933933,68.97168928302375,1474,15,0.5391369950797807,0.27330045439947365,0.8049735357600878,10,11.168872079608217,0.895345557610754,0.8488892280206909,,0.3346449524696079
"Cheung, 2012",education,Literacy: Reading,Intervention: Reading (in schools),All,0.16,d,0.12,0.21,84,60553,77.10534300609605,0.07974522228289,0.059892290727946725,0.10442593000399553,NA,NA,NA,NA,NA,NA,NA,NA,NA,NA,NA,NA,NA,NA,NA,,NA
"Blok, 2002",education,Literacy: Reading fluency,Intervention: Literacy,All,0.254,d,0.144,0.364,50,1121,61.98898456287333,0.12598803368133182,0.0718140984736978,0.1790585909901008,NA,NA,NA,NA,NA,NA,NA,NA,NA,NA,NA,NA,NA,NA,NA,,NA
"Vannucci, 2020",psychology,Risky behavior: Risk taking (general),Social Media: General,Adolescents,0.21,r,0.16,0.25,27,67407,97,0.21,0.16,0.25,0.20577490960705078,0.16110127122460846,0.2504485479894931,0.13077363282342352,0.28077618639067803,97.02498052198153,66407,27,0.19513719846210031,0.10627794673658464,0.283996450187616,26,23.836143001825423,1.0907805007718263,0.1440560472283124,,0.20577490960705078
"Vannucci, 2020",psychology,Risky behavior: Risky sexual behaviour,Social Media: General,Adolescents,0.21,r,0.15,0.28,14,23096,95,0.21,0.15,0.28,0.2086548731007279,0.1359874316794539,0.28132231452200185,0.08665561168984146,0.3306541345116143,96.24799108089547,23096,14,0.18409074112597176,-0.004260170877959629,0.3724416531299032,13,11.907261156156784,1.0917707967863124,0.3527536009535533,,0.2086548731007279
"Vannucci, 2020",health behaviour,Risky behavior: Substance abuse,Social Media: General,Adolescents,0.19,r,0.12,0.26,14,36228,98,0.19,0.12,0.26,0.18821266545489526,0.13544884395641194,0.2409764869533786,0.09962901470114398,0.27679631620864653,96.09361493535877,36228,14,0.1899588064931566,0.09367536474987588,0.28624224823643735,13,12.537222617853487,1.0369122728575866,0.5576121961844843,,0.18821266545489526
"Janssen, 2020",health behaviour,Sleep: Duration,Screen use: General,Young children,-0.07,r,-0.12,-0.03,2,1884,NA,-0.07,-0.12,-0.03,NA,NA,NA,NA,NA,NA,NA,NA,NA,NA,NA,NA,NA,NA,NA,,NA
"Janssen, 2020",health behaviour,Sleep: Duration,Screen use: General,Young children,-0.13,r,-0.21,-0.04,1,497,NA,-0.13,-0.21,-0.04,NA,NA,NA,NA,NA,NA,NA,NA,NA,NA,NA,NA,NA,NA,NA,,NA
"Janssen, 2020",health behaviour,Sleep: Duration,Screen use: General,Young children,-0.1,r,-0.25,0.05,4,3803,93.5,-0.1,-0.25,0.05,-0.10882341106526884,-0.2630945434869845,0.04544772135644683,-0.3678247443220687,0.15017792219153103,93.10738712929952,3803,4,NA,NA,NA,4,2.456884585365335,1.628078105022262,0.1025590620308353,,-0.10882341106526884
"Janssen, 2020",health behaviour,Sleep: Duration,Screen use: General,Children,-0.09,r,-0.17,-0.01,7,6184,90,-0.09,-0.17,-0.01,-0.09545791995421024,-0.17487130056536532,-0.016044539343055178,-0.22878274316542319,0.037866903257002704,87.13968155448143,6184,7,NA,NA,NA,6,3.9003295662226805,1.5383315430472122,0.08540968286557815,,-0.09545791995421024
"Shin, 2019",physical health,Body composition,Intervention: To promote health (via mobile phone app),All,-0.042,d,-0.182,0.098,6,853,0,-0.020995371030975256,-0.09062553858790881,0.04894128121671798,0.02136221945436829,-0.04563454556742276,0.08835898447615935,-0.09111670769256086,0.13384114660129745,0,853,6,NA,NA,NA,1,0.3451554521121435,2.8972452669676874,0.29932101025407337,,0.02136221945436829
"Shin, 2019",physical health,Body composition,Intervention: To promote health (via mobile phone app),All,-0.077,d,-0.566,0.402,2,65,0,-0.03847149836849663,-0.27230565719730077,0.19705872882608544,-0.03947396940269316,-0.2857951223456304,0.2068471835402441,-0.45301541439044335,0.37406747558505704,0,65,2,NA,NA,NA,0,0.11133952083925229,0,1,,-0.03947396940269316
"Shin, 2019",health behaviour,Physical activity: General,Intervention: To promote health (via mobile phone app),All,0.235,d,-0.067,0.537,5,792,66.77,0.11669718619983113,-0.03348121811949645,0.25931534190696554,0.14367797875445779,-0.04945806247779222,0.3368140199867078,-0.18057252355177736,0.46792848106069296,82.81821765873441,826,5,NA,NA,NA,1,2.258003505803282,0.4428691086749448,0.9657598867168915,,0.14367797875445779
"Shin, 2019",health behaviour,Screen time: General,Intervention: To promote health (via mobile phone app),All,-0.267,d,-0.41,0.124,5,792,32.35,-0.1323260337522422,-0.20082362021561567,0.061881178452996226,-0.13894664476963797,-0.2238589312380803,-0.054034358301195656,-0.28150342165963615,0.00361013212036021,21.499445298879866,826,5,NA,NA,NA,2,1.8684981358697712,1.0703783758762038,0.6663452150629716,,-0.13894664476963797
"Shin, 2019",physical health,Body composition,Intervention: To promote health (via mobile phone),All,-0.037,d,-0.147,0.073,9,1358,0,-0.018496834999892797,-0.07330226810066905,0.03647571070436795,-0.018986171491766374,-0.072145274244931,0.034172931261398254,-0.10823344848826812,0.07026110550473537,0,1358,9,NA,NA,NA,1,0.5065231989788915,1.9742432370638037,0.40638025993202476,,-0.018986171491766374
"Shin, 2019",physical health,Body composition,Intervention: To promote health (via mobile phone),All,-0.043,d,-0.322,0.236,3,216,0,-0.02149503253459184,-0.15895306852137217,0.11718696474334095,-0.02085504392028722,-0.15503505970622394,0.1133249718656495,-0.2461259837223999,0.20441589588182546,0,216,3,NA,NA,NA,0,0.1606666351730242,0,1,,-0.02085504392028722
"Shin, 2019",health behaviour,Diet: Sugary drinks,Intervention: To promote health (via mobile phone),All,-0.4,d,-0.759,-0.04,3,758,76.11,-0.19611613513818402,-0.35480924247422113,-0.01999600119960014,-0.22810621608841142,-0.48126118851040767,0.025048756333584832,-0.6531207625471107,0.19690833037028788,91.01833738923231,758,3,NA,NA,NA,2,2.0770508942462813,0.9629037042569718,0.7868801363823408,,-0.22810621608841142
"Shin, 2019",health behaviour,Physical activity: General,Intervention: To promote health (via mobile phone),All,0.341,d,0.019,0.664,6,872,72.26,0.1680745169573563,0.009499571341514603,0.3150886634636183,0.2016298205467265,0.010898395013076462,0.3923612460803766,-0.11858364215183181,0.5218432832452848,85.97938030687898,906,6,NA,NA,NA,2,3.245211576130083,0.6162926370381685,0.9400328171884895,,0.2016298205467265
"Shin, 2019",health behaviour,Screen time: General,Intervention: To promote health (via mobile phone),All,-0.198,d,-0.317,-0.078,6,1114,43.93,-0.09851838783325112,-0.15654580587180342,-0.03897037429124693,-0.11139711797742542,-0.20051242183214973,-0.022281814122701124,-0.26101021894867027,0.03821598299381941,46.07299903969929,1148,6,NA,NA,NA,2,2.01787704307454,0.9911406677944552,0.6838210713178887,,-0.11139711797742542
"Shin, 2019",physical health,Body composition,Intervention: To promote health (via text message),All,-0.03,d,-0.208,0.149,3,505,0,-0.014998312784712243,-0.10344208971095142,0.07429410984854967,0.014947832463762589,-0.07239506997992222,0.1022907349074474,-0.13168963514484777,0.16158530007237293,0,505,3,NA,NA,NA,0,0.16293789265704606,0,1,,0.014947832463762589
"Shin, 2019",physical health,Body composition,Intervention: To promote health (via text message),All,-0.026,d,-0.369,0.318,1,151,0,-0.012998901639215268,-0.18143774871141258,0.15702748308728273,-0.012998901639215271,-0.17300225028513774,0.1470044470067072,-0.2816238865882019,0.25562608330977143,0,151,1,NA,NA,NA,0,0.052909457906691576,0,1,,-0.012998901639215271
"Shin, 2019",health behaviour,Physical activity: General,Intervention: To promote health (via text message),All,1.011,d,0.251,1.771,1,80,0,0.45113608826623874,0.12452319547247137,0.6629453387316204,0.45113608826623874,0.2755025847917685,0.626769591740709,0.15627008935659842,0.746002087175879,0,80,1,NA,NA,NA,1,0.9989455188797874,1.0010555942243928,0.9989455188797874,,0.45113608826623874
"Shin, 2019",health behaviour,Screen time: General,Intervention: To promote health (via text message),All,-0.036,d,-0.254,0.183,1,322,0,-0.017997084708396737,-0.12598803368133182,0.09111935802422208,-0.01799708470839673,-0.1273561743248568,0.09136200490806333,-0.20159689090535973,0.16560272148856628,0,322,1,NA,NA,NA,0,0.06200141196427313,0,1,,-0.01799708470839673
"Rodriguez-Rocha, 2019",health behaviour,Diet: Fruit and vegetable intake,Intervention: Fruit and vegetable,Children,0.13,d,NA,NA,4,955,35.28,0.06486312108268012,NA,NA,0.11656980368143596,-0.051052527417468824,0.2841921347803408,-0.16484647010043682,0.3979860774633087,82.50565600024349,955,4,NA,NA,NA,1,1.9543945127562798,0.5116674210212049,0.942450765662566,,0.11656980368143596
"Rodriguez-Rocha, 2019",health behaviour,Diet: Fruit and vegetable intake,Intervention: Fruit and vegetable,Adolescents,0.35,d,0.16,0.55,4,1697,61.08,0.1723803317522482,0.07974522228289,0.2651564830210424,0.1589298599133706,0.08554444671946135,0.23231527310727987,0.03572521650110652,0.2821345033256347,55.798245023589665,1868,4,NA,NA,NA,4,2.973471414484309,1.345229007588668,0.2743255792200893,,0.1589298599133706
"Küçükalkan, 2019",education,Numeracy: General,Intervention: Mathematics,Children,0.606,d,0.488,0.724,31,2290,85.38,0.28998083329484436,0.23704563778079357,0.34038375143648997,NA,NA,NA,NA,NA,NA,NA,NA,NA,NA,NA,NA,NA,NA,NA,,NA
"Fang, 2019",physical health,Body composition,Computer use: General,All,2.39,or,1.98,2.89,2,7984,20,0.3155839963326979,0.25070159190953417,0.3782116954925118,0.2191572072707349,0.15669966555520487,0.28161474898626493,0.11429905058044663,0.32401536396102315,73.07962036416302,7984,2,NA,NA,NA,2,1.9989901721776202,1.0005051689780344,0.9989901732964702,,0.2191572072707349
"Fang, 2019",physical health,Body composition,Screen use: General,All,1.67,or,1.48,1.88,16,47750,78,0.1899727125104853,0.1459656785243552,0.2324018115905703,0.1394879823004517,0.11333333274830071,0.1656426318526027,0.09557769916106423,0.18339826543983917,85.76522264260737,47164,19,0.14247679953092027,0.09179602909983718,0.19315756996200334,17,16.538215024636724,1.0279222984267264,0.5459838157089111,,0.1394879823004517
"Fang, 2019",physical health,Body composition,Screen use: General,All,1.47,or,1.27,1.69,9,15068,56,0.1434765455005599,0.08939208045213047,0.1942722596008699,0.10678512750380284,0.06973694973308017,0.1438333052745255,0.044586015546020825,0.16898423946158486,75.89756996386882,15068,9,NA,NA,NA,7,6.569897856103846,1.065465575465007,0.5504884918889645,,0.10678512750380284
"Fang, 2019",physical health,Body composition,TV programs and movies: General,All,1.77,or,1.64,1.92,8,24698,3,0.21090408566444904,0.18341190076084457,0.23985659174004728,0.14957705182538536,0.12614024563811696,0.17301385801265376,0.11022967714487591,0.1889244265058948,60.59199631293542,24112,8,NA,NA,NA,8,7.669860383960459,1.0430437582318894,0.695203563789766,,0.14957705182538536
"Adelantado-Renau, 2019",education,Learning: General,Screen use: General,All,-0.29,d,-0.65,0.08,18,5947,96.4,-0.14349931046699432,-0.30908607233755814,0.039968038348871575,-0.21979509005678696,-0.3050309996224625,-0.13455918049111146,-0.362895188385737,-0.07669499172783698,96.76359745398102,13100,18,-0.3853557083550921,-0.5936329548930335,-0.17707846181715067,14,14.758495039658555,0.9486062069594257,0.7922947685004891,,-0.21979509005678696
"Adelantado-Renau, 2019",education,Learning: General,TV programs and movies: General,All,-0.19,d,-0.29,-0.09,18,94876,97.5,-0.09457419252642066,-0.14349931046699432,-0.0449545065814817,-0.116907865144983,-0.16218818620526995,-0.07162754408469604,-0.19292768389403792,-0.04088804639592809,96.04166551227624,62135,18,-0.06792070578046779,-0.16685512995012222,0.03101371838918665,11,13.490747828645567,0.8153736278906022,0.9512194857145603,,-0.116907865144983
"Adelantado-Renau, 2019",education,Literacy: General,TV programs and movies: General,All,-0.18,d,-0.36,-0.01,8,16761,95.5,-0.08963769949589058,-0.17715299831526515,-0.004999937501171851,-0.1161843708934424,-0.14735916929795834,-0.08500957248892645,-0.16852283645101435,-0.06384590533587045,54.289878892653824,16761,8,NA,NA,NA,6,5.834321084133303,1.0283972913861852,0.6353547175080885,,-0.1161843708934424
"Adelantado-Renau, 2019",education,Numeracy: General,TV programs and movies: General,All,-0.25,d,-0.33,-0.16,7,14401,70.7,-0.12403473458920847,-0.16279878299320225,-0.07974522228289,-0.12303471679514465,-0.17619784976103778,-0.06987158382925152,-0.21228875999899577,-0.03378067359129351,78.6176283319264,14115,7,NA,NA,NA,5,5.042953924819821,0.9914823880090564,0.6987675512667043,,-0.12303471679514465
"Adelantado-Renau, 2019",education,Learning: General,Video games: General,All,-0.15,d,-0.22,-0.08,10,7928,63,-0.07478994824163424,-0.1093404791528976,-0.039968038348871575,-0.08791765401196587,-0.11800134652499739,-0.05783396149893436,-0.13842429350990726,-0.037411014514024496,1.9830367182005861,4276,10,-0.0792877907124804,-0.19935071357031559,0.04077513214535479,4,4.366956639521971,0.9159697084690678,0.7183600882136141,,-0.08791765401196587
"Folkvord, 2018",health behaviour,Diet: Food intake (calories),Advertising: Advergames,All,0.3,d,0.22,0.37,15,2815,89,0.14834045293024462,0.1093404791528976,0.18191319961098118,0.17912746283292832,0.10406726104652747,0.2541876646193292,0.05311106539015101,0.3051438602757056,81.86897373195985,3842,15,0.1590806797389314,-0.05611349592721304,0.3742748554050758,9,9.347477150947046,0.9628266381039678,0.6876965330341008,,0.17912746283292832
"Kates, 2018",education,Learning: General,Screen use: General (mobile phone),All,-0.12,r,-0.19,-0.05,8,135131,NA,-0.12,-0.19,-0.05,NA,NA,NA,NA,NA,NA,NA,NA,NA,NA,NA,NA,NA,NA,NA,,NA
"Poorolajal, 2020",physical health,Body composition,TV programs and movies: General,All,1.42,or,1.35,1.49,56,343999,84,0.1307436190968727,0.11206651084092456,0.14843622151341024,0.12126151278927241,0.09526806553163311,0.14725496004691171,0.07762186751030106,0.16490115806824376,98.08985535706131,343999,56,0.08591103669001003,0.03415721001075187,0.1376648633692682,44,45.55781179739968,0.9658058248203968,0.7034954103884438,,0.12126151278927241
"Poorolajal, 2020",physical health,Body composition,Video games: General,All,1.08,or,0.95,1.23,11,145602,57,0.02885238027542815,-0.019232613529821592,0.0774747430536649,0.06753689099260425,0.024185991354434173,0.11088779063077434,-0.005243678047850239,0.14031746003305873,97.173940866234,151910,11,0.07879642506553364,-0.004802488136489258,0.16239533826755653,5,7.478352224465198,0.6685964835465565,0.9809383603982611,,0.06753689099260425
"Oldrati, 2020",psychology,Cognition: Cognitive Functioning,Intervention: Cognitive training,All,0.52,d,0.25,0.79,24,1547,79.56,0.25163385176495073,0.12403473458920847,0.3673782850838043,0.25650179825672814,0.1925506355750783,0.320452960938378,0.1491360446133829,0.36386755190007336,83.98489996503349,3540,68,0.6970533578371232,0.5517354555441714,0.842371260130075,17,34.95988070185002,0.4862716822457689,0.9999934266151839,,0.25650179825672814
"Oldrati, 2020",psychology,Cognition: Executive Functioning,Intervention: Cognitive training,All,0.21,d,-0.22,0.64,7,352,64.7,0.10442593000399553,-0.1093404791528976,0.30477572710378376,0.29154365129808213,0.11415462635238469,0.46893267624377954,-0.006269641732443043,0.5893569443286073,89.10744182910425,571,13,0.8725928488709065,0.5909727828026694,1.1542129149391436,3,7.320936007339164,0.40978366659570997,0.9982609389508269,,0.29154365129808213
"Oldrati, 2020",psychology,Cognition: Verbal skills,Intervention: Cognitive training,All,0.32,d,-0.05,0.69,8,398,63,0.15799050110667284,-0.024992191160203066,0.3261363455467632,0.28695384865259205,0.15493673042877204,0.41897096687641205,0.06531413488410157,0.5085935624210826,86.10897116656415,948,19,0.7497706982957457,0.4820916486009253,1.0174497479905662,6,10.270990675459144,0.5841695499087562,0.9905467629443283,,0.28695384865259205
"Oldrati, 2020",psychology,Cognition: Visuospatial skills,Intervention: Cognitive training,All,0.44,d,0.18,0.71,9,469,55.6,0.21486178267511977,0.08963769949589058,0.33454484069925416,0.2279494483185263,0.13278985657143128,0.3231090400656213,0.06818876757563266,0.3877101290614199,49.3561347855756,800,14,0.4286474733050139,0.135001373802286,0.7222935728077418,3,6.014568642701356,0.4987888871532762,0.9811160132229712,,0.2279494483185263
"Oldrati, 2020",education,Numeracy: General,Intervention: Cognitive training,All,0.39,d,-0.1,0.89,2,119,72.8,0.19139505140335558,-0.04993761694389223,0.4065622681231995,0.1688465648960154,0.04227031312925203,0.2954228166627788,-0.04365863586068422,0.381351765652715,68.02175518015731,693,11,0.4219392607898981,-0.10113330313176239,0.9450118247115585,1,4.314091838731946,0.23179849604081054,0.9963827725186898,,0.1688465648960154
"Oldrati, 2020",psychology,Psychological health: Adjustment,Intervention: Cognitive training,All,0.43,d,0.09,0.75,8,429,48.8,0.21019670952302208,0.0449545065814817,0.3511234415883917,0.2800692685125075,0.10908080604156661,0.4510577309834484,-0.006998305675274319,0.5671368427002894,84.22137093546391,528,11,0.8582917082863027,0.49778039748441355,1.218803019088192,4,6.207722465278245,0.6443587035943158,0.9565230650355221,,0.2800692685125075
"Madigan, 2020",education,Literacy: General,Intervention: Education (general),Children,0.15,r,-0.03,0.31,7,1228,NA,0.15,-0.03,0.31,0.1378896509707676,-0.03792308737627967,0.3137023893178149,-0.15727726017199656,0.4330565621135318,90.08939524438188,1228,7,NA,NA,NA,2,3.8303868881450094,0.5221404673741888,0.9709921417233633,,0.1378896509707676
"Madigan, 2020",education,Literacy: General,Intervention: Education (general),Children,0.1,r,0,0.19,6,727,NA,0.1,0,0.19,NA,NA,NA,NA,NA,NA,NA,NA,NA,NA,NA,NA,NA,NA,NA,,NA
"Madigan, 2020",education,Literacy: General,Screen use: General,Children,-0.14,r,-0.18,-0.1,38,18318,83.67,-0.14,-0.18,-0.1,-0.14447671419212002,-0.1975341425526107,-0.09141928583162935,-0.23355329299740965,-0.05540013538683039,90.91421246030191,18318,38,-0.10699626029217357,-0.20980466763971375,-0.004187852944633391,20,20.29951220325214,0.9852453497279529,0.5387966913147191,,-0.14447671419212002
"Madigan, 2020",education,Literacy: General,Screen use: General,Children,-0.11,r,-0.16,-0.05,10,5981,NA,-0.11,-0.16,-0.05,NA,NA,NA,NA,NA,NA,NA,NA,NA,NA,NA,NA,NA,NA,NA,,NA
"Madigan, 2020",education,Literacy: General,Screen use: General (coviewing),Children,0.16,r,0.07,0.24,12,6083,92.81,0.16,0.07,0.24,0.14844346245918277,0.01574461344296893,0.2811423114753966,-0.07434078937926591,0.37122771429763146,95.97918024860377,6083,12,0.3023839157448834,-0.03022590157440236,0.6349937330641691,4,7.948048272354897,0.5032682066002168,0.9971813030233092,,0.14844346245918277
"Madigan, 2020",education,Literacy: General,Screen use: General (coviewing),Children,0.11,r,0.06,0.33,3,2707,NA,0.11,0.06,0.33,NA,NA,NA,NA,NA,NA,NA,NA,NA,NA,NA,NA,NA,NA,NA,,NA
"Madigan, 2020",education,Literacy: General,TV programs and movies: Coviewing,Children,0.11,r,0.01,0.2,9,3376,NA,0.11,0.01,0.2,NA,NA,NA,NA,NA,NA,NA,NA,NA,NA,NA,NA,NA,NA,NA,,NA
"Madigan, 2020",education,Literacy: General,TV programs and movies: Educational,Children,0.13,r,0.02,0.24,13,1955,82.12,0.13,0.02,0.24,0.1310041518489049,0.02866191147225905,0.23334639222555076,-0.04081526951620332,0.3028235732140131,81.25163615488982,1955,13,0.3586264822645157,0.08167555449651503,0.6355774100325164,3,5.982429914634627,0.501468473982653,0.981513099067373,,0.1310041518489049
"Madigan, 2020",education,Literacy: General,TV programs and movies: General,Children,-0.15,r,-0.21,-0.09,26,12337,NA,-0.15,-0.21,-0.09,NA,NA,NA,NA,NA,NA,NA,NA,NA,NA,NA,NA,NA,NA,NA,,NA
"Madigan, 2020",education,Literacy: General,TV programs and movies: General (in background),Children,-0.19,r,-0.33,-0.05,5,2792,76.47,-0.19,-0.33,-0.05,-0.18810421275741726,-0.3123907049979844,-0.06381772051685014,-0.3967652026056164,0.020556777090781853,70.7369322908372,2792,5,NA,NA,NA,3,2.550941330781677,1.1760364551703426,0.5171227762805687,,-0.18810421275741726
"Lanca, 2020",physical health,Eye health: Myopia,Screen use: General,All,1.02,or,0.96,1.08,5,20889,0,0.007425848736457561,-0.01530705226637236,0.02885238027542815,0.06974234177817722,-0.007921725520515857,0.1474064090768703,-0.06064561000998166,0.2001302935663361,97.62222662828138,31345,7,NA,NA,NA,2,4.968971856131357,0.4024977516288692,0.9985947854503303,,0.06974234177817722
"Bossen, 2020",physical health,Body composition,Video games: Health promoting content,Children,-0.24,d,-0.45,-0.04,2,370,0,-0.11914522061843064,-0.21951219512195125,-0.01999600119960014,-0.11506687883309379,-0.21125739933974652,-0.018876358326441037,-0.27655835599283307,0.046424598326645486,0,406,2,NA,NA,NA,1,0.7372931136621976,1.3563126814421402,0.6354753415109747,,-0.11506687883309379
"Bossen, 2020",physical health,Cardiometabolic health: Fitness,Video games: Health promoting content,Children,0.32,d,-0.01,0.66,2,140,0,0.15799050110667284,-0.004999937501171851,0.31337745420390184,0.15773901922168151,-0.0022021480023250717,0.3176801864456881,-0.11078157114014422,0.4262596095835073,9.846129948680954,161,2,NA,NA,NA,1,0.6277196926674612,1.5930677525035954,0.534939075773947,,0.15773901922168151
"Bossen, 2020",health behaviour,Physical activity: General,Video games: Health promoting content,Children,0.3,d,-0.15,0.75,7,648,83,0.14834045293024462,-0.07478994824163424,0.3511234415883917,0.17502498761280672,-0.020591470630968417,0.3706414458565819,-0.15338981492856057,0.5034397901541741,87.55058545573047,753,7,NA,NA,NA,1,3.79420791161721,0.26355962121584653,0.9967881818478754,,0.17502498761280672
"Bossen, 2020",health behaviour,Physical activity: General,Video games: Health promoting content,Children,-0.22,d,-0.69,0.26,4,171,52,-0.1093404791528976,-0.3261363455467632,0.12891523025462093,-0.19615346771824196,-0.3751274483987952,-0.017179487037688762,-0.49662769699806164,0.10432076156157774,64.8607086252333,309,4,NA,NA,NA,1,1.9063531986871487,0.5245617657256124,0.9261966581276716,,-0.19615346771824196
"Bossen, 2020",physical health,Physical health: Muscular fitness,Video games: Health promoting content,Children,0.46,d,-0.12,1.04,2,140,64,0.22414769292142694,-0.059892290727946725,0.46135273664198945,0.22282752415736276,-0.04279602583813799,0.4884510741528635,-0.22312015583487196,0.6687752041495975,67.04221120021444,161,2,NA,NA,NA,1,1.0723047902036638,0.9325706731292968,0.7923752056534661,,0.22282752415736276
"Hernandez-Jimenez, 2019",physical health,Body composition,Video games: Physically active,All,-0.191,d,-0.386,0.003,19,1272,82.91,-0.09506746444835348,-0.18950287214271566,0.0014999983125028476,-0.15240567802169006,-0.2795407108404634,-0.025270645202916747,-0.36584900009245114,0.061037644049071055,85.33747874426147,1347,19,-0.4676909390404022,-0.7357955482763043,-0.19958632980450008,2,7.839832605886891,0.25510748769026137,0.9997680529211844,,-0.15240567802169006
"Champion, 2019",physical health,Body composition,Intervention: Lifestyle risk behaviour (at school),All,-0.13,d,-0.43,0.16,5,3480,30,-0.06486312108268012,-0.21019670952302208,0.07974522228289,NA,NA,NA,NA,NA,NA,NA,NA,NA,NA,NA,NA,NA,NA,NA,,NA
"Champion, 2019",health behaviour,Diet: Fat consumption,Intervention: Lifestyle risk behaviour (at school),All,-0.06,d,-0.15,0.03,5,5240,52,-0.029986509105671005,-0.07478994824163424,0.014998312784712243,-0.02969902214677656,-0.06537054331658113,0.005972499023028009,-0.08958690523446847,0.030188860940915344,36.88681903131428,5240,5,NA,NA,NA,2,1.1075112872854127,1.8058506698402499,0.30667425676360505,,-0.02969902214677656
"Champion, 2019",health behaviour,Diet: Fruit and vegetable intake,Intervention: Lifestyle risk behaviour (at school),All,0.12,d,-0.02,0.26,7,4651,54,0.059892290727946725,-0.009999500037496877,0.12891523025462093,0.0834007745683324,0.05487333554682358,0.11192821358984123,0.03550688395517972,0.13129466518148508,0.017913504978911973,4651,7,NA,NA,NA,3,2.4275260787821935,1.2358260643300676,0.40789542533226636,,0.0834007745683324
"Champion, 2019",health behaviour,Diet: Fruit and vegetable intake,Intervention: Lifestyle risk behaviour (at school),All,0.11,d,0.03,0.19,6,7390,42,0.05491700075713547,0.014998312784712243,0.09457419252642066,0.041970229808562756,0.008075180506608243,0.07586527911051727,-0.01493518614452221,0.09887564576164773,43.371841313316835,6034,6,NA,NA,NA,2,1.9270897838939756,1.0378343638762375,0.6265653558318469,,0.041970229808562756
"Champion, 2019",health behaviour,Diet: Fruit intake,Intervention: Lifestyle risk behaviour (at school),All,0.07,d,-0.01,0.15,3,2739,0,0.034978582175618625,-0.004999937501171851,0.07478994824163424,0.03394735837167528,-0.003472314810372648,0.0713670315537232,-0.028875446465789524,0.09677016320914009,0,2739,3,NA,NA,NA,0,0.5302686616978628,0,0.9999999999999999,,0.03394735837167528
"Champion, 2019",health behaviour,Diet: Sugary drinks and snacks,Intervention: Lifestyle risk behaviour (at school),All,-0.02,d,-0.1,0.06,5,5812,54,-0.009999500037496877,-0.04993761694389223,0.029986509105671005,-0.028163085121047194,-0.053883662440844,-0.0024425078012503924,-0.07134461696947916,0.015018446727384772,0.2757990509769627,5812,5,NA,NA,NA,1,0.8059331730114578,1.2407976659694875,0.5865173352371156,,-0.028163085121047194
"Champion, 2019",health behaviour,Physical activity: General,Intervention: Lifestyle risk behaviour (at school),Adolescents,0.23,d,0.1,0.36,5,5538,76,0.11424702291443903,0.04993761694389223,0.17715299831526515,0.13346821206475484,0.04045393526402054,0.22648248886548916,-0.022690761588543606,0.2896271857180533,91.05258751557417,5538,8,NA,NA,NA,5,5.228756147631581,0.9562503698446142,0.7261956688211458,,0.13346821206475484
"Champion, 2019",health behaviour,Physical activity: General,Intervention: Lifestyle risk behaviour (at school),All,0.03,d,-0.03,0.09,2,4870,NA,0.014998312784712243,-0.014998312784712243,0.0449545065814817,NA,NA,NA,NA,NA,NA,NA,NA,NA,NA,NA,NA,NA,NA,NA,,NA
"Champion, 2019",health behaviour,Physical activity: General,Intervention: Lifestyle risk behaviour (at school),All,0.14,d,0.05,0.23,12,10408,75,0.06982912769991387,0.024992191160203066,0.11424702291443903,0.09086794945016088,0.02804705455993274,0.15368884434038904,-0.014600230354708837,0.1963361292550306,89.17406949739055,10408,12,-0.04023856959322914,-0.14801742210412935,0.06754028291767109,5,6.878599019442004,0.7268922037565729,0.931276306615897,,0.09086794945016088
"Champion, 2019",health behaviour,Physical activity: General,Intervention: Lifestyle risk behaviour (at school),All,0.07,d,-0.06,0.19,2,3435,59,0.034978582175618625,-0.029986509105671005,0.09457419252642066,0.057734417754907674,0.01630604530023657,0.09916279020957877,-0.011818476114358503,0.12728731162417384,34.42796015403492,3435,4,NA,NA,NA,1,1.6561433889578485,0.6038124516677653,0.884392313581935,,0.057734417754907674
"Champion, 2019",health behaviour,Physical activity: Moderate-to-vigorous intensity,Intervention: Lifestyle risk behaviour (at school),All,0.33,d,0.05,0.61,6,324,30,0.16279878299320225,0.024992191160203066,0.2917324851863718,0.1781077852513765,0.04619814177598758,0.3100174287267654,-0.043351492276722636,0.3995670627794756,36.41906509255565,324,6,NA,NA,NA,2,1.9150061491048362,1.0443830694407399,0.6214248269049961,,0.1781077852513765
"Champion, 2019",health behaviour,Risky behavior: Alcohol consumption,Intervention: Lifestyle risk behaviour (at school),All,1.13,or,0.95,1.36,5,4085,9,0.045799548883840704,-0.019232613529821592,0.11479843952990001,0.5177578749965047,0.3995013129445962,0.6360144370484133,0.3192203601872958,0.7162953898057136,96.30420187720165,4085,4,NA,NA,NA,4,3.999735741908619,1.0000660688876548,0.9997357613266329,,0.5177578749965047
"Champion, 2019",health behaviour,Risky behavior: Smoking,Intervention: Lifestyle risk behaviour (at school),All,1.23,or,0.95,1.59,6,5775,65,0.0774747430536649,-0.019232613529821592,0.1721682148605621,0.6108546407743392,0.4542891945000092,0.7674200870486692,0.3480014504824055,0.8737078310662728,99.23548378050755,5775,6,NA,NA,NA,6,5.992167586203251,1.0013071086020329,0.9921921673922336,,0.6108546407743392
"Champion, 2019",health behaviour,Screen time: General,Intervention: Lifestyle risk behaviour (at school),All,-0.09,d,-0.17,-0.01,3,5045,43,-0.0449545065814817,-0.0846945914398115,-0.004999937501171851,-0.05405332548112476,-0.08160892710481839,-0.02649772385743113,-0.1003156264521214,-0.007791024510128114,0.20278615399861327,5045,3,NA,NA,NA,2,1.6595606860439363,1.2051382132747455,0.5794966065177987,,-0.05405332548112476
"Prescott, 2018",psychology,Aggression: Towards peers,Video games: Violent content,Children,0.097,b,0.072,0.122,7,3583,NA,0.097,0.072,0.122,NA,NA,NA,NA,NA,NA,NA,NA,NA,NA,NA,NA,NA,NA,NA,,NA
"Takacs, 2019",psychology,Cognition: Executive Functioning (accuracy),Intervention: Education (via computer),Children,0.42,d,0.25,0.58,28,1563,57.359444093493366,0.2055172342864138,0.12403473458920847,0.2785244502458322,NA,NA,NA,NA,NA,NA,NA,NA,NA,NA,NA,NA,NA,NA,NA,,NA
"Takacs, 2019",psychology,Cognition: Executive Functioning (cognitive flexibility),Intervention: Education (via computer),Children,0.24,d,0.09,0.46,12,617,NA,0.11914522061843064,0.0449545065814817,0.22414769292142694,NA,NA,NA,NA,NA,NA,NA,NA,NA,NA,NA,NA,NA,NA,NA,,NA
"Takacs, 2019",psychology,Cognition: Executive Functioning (inhibition),Intervention: Education (via computer),Children,0.18,d,0.04,0.32,15,894,NA,0.08963769949589058,0.01999600119960014,0.15799050110667284,NA,NA,NA,NA,NA,NA,NA,NA,NA,NA,NA,NA,NA,NA,NA,,NA
"Takacs, 2019",psychology,Cognition: Executive Functioning (working memory),Intervention: Education (via computer),Children,0.48,d,0.29,0.67,21,1220,NA,0.23337295247532416,0.14349931046699432,0.31764972280836923,NA,NA,NA,NA,NA,NA,NA,NA,NA,NA,NA,NA,NA,NA,NA,,NA
"Hassan Saleh, 2019",education,Literacy: Pronunciation,Intervention: Pronunciation,All,0.46,d,NA,NA,6,302,82.4,0.22414769292142694,NA,NA,NA,NA,NA,NA,NA,NA,NA,NA,NA,NA,NA,NA,NA,NA,NA,,NA
"Xie, 2018",education,Learning: General,Intervention: Education (via touch screen),Children,0.46,d,0.35,0.57,79,4206,91,0.22414769292142694,0.1723803317522482,0.27408597963793463,0.2891129520730274,0.24214516486897214,0.33608073927708265,0.2102600953200317,0.3679658088260231,71.69515384613082,5810,79,0.3845324503206398,0.2632127836782856,0.505852116962994,36,43.59422220984018,0.8257975065299824,0.9571096831868395,,0.2891129520730274
"Vahedi, 2018",psychology,Risky behavior: Media literacy,Intervention: Media literacy (web-based),Adolescents,0.46,d,0.29,0.63,3,138,NA,0.22414769292142694,0.14349931046699432,0.30044657339486125,0.23164532312244643,0.07264073414343963,0.3906499121014532,-0.035302873167031706,0.49859351941192454,0,138,3,NA,NA,NA,1,1.1227980081368967,0.8906321464350829,0.764057830936544,,0.23164532312244643
"Vahedi, 2018",psychology,Risky behavior: Risk taking (attitude),Intervention: Media literacy (web-based),Adolescents,-0.07,d,-0.4,0.26,3,138,NA,-0.034978582175618625,-0.19611613513818402,0.12891523025462093,0.08877939993011111,-0.07755384189027831,0.2551126417505005,-0.1904726592214455,0.3680314590816677,0,138,3,NA,NA,NA,0,0.2783607657637206,0,1,,0.08877939993011111
"Scionti, 2019",psychology,Cognition: Executive functioning,Intervention: Cognitive training,Children,0.281,d,0.124,0.437,59,773,NA,0.13913344655972085,0.061881178452996226,0.21346378842634894,0.18194014423433183,0.14367337800365093,0.22020691046501273,0.11769517942730928,0.24618510904135438,6.670676046787284,2670,58,0.4173961305526158,0.2693513374158377,0.5654409236893939,12,14.428437161805048,0.8316909077142738,0.7696257357929646,,0.18194014423433183
"Zhou, 2019",health behaviour,Healthy behavior: General,Video games: Health promoting content,All,0.32,d,0.061,0.575,7,1278,NA,0.15799050110667284,0.030485823577446433,0.2763074248798415,NA,NA,NA,NA,NA,NA,NA,NA,NA,NA,NA,NA,NA,NA,NA,,NA
"Zhou, 2019",psychology,Healthy behavior: Self-efficacy,Video games: Health promoting content,All,0.27,d,0.09,0.456,5,438,NA,0.13378637625248027,0.0449545065814817,0.22229529961558395,NA,NA,NA,NA,NA,NA,NA,NA,NA,NA,NA,NA,NA,NA,NA,,NA
"Zhou, 2019",psychology,Psychological health: Enjoyment,Video games: Health promoting content,All,0.4,d,0.173,0.633,4,440,NA,0.19611613513818402,0.08617819742121317,0.3017472849802045,NA,NA,NA,NA,NA,NA,NA,NA,NA,NA,NA,NA,NA,NA,NA,,NA
"Aspiranti, 2020",education,Learning: General,Intervention: Education (via touch screen),Children,0.738,d,NA,NA,3,33,NA,0.34618355017641955,NA,NA,NA,NA,NA,NA,NA,NA,NA,NA,NA,NA,NA,NA,NA,NA,NA,,NA
"Aghasi, 2020",physical health,Body composition,Internet use: General,All,1.27,or,1.06,1.52,6,32901,41.6,0.08939208045213047,0.021847363582013404,0.1557386069924772,0.09116768682046605,0.02522439716798304,0.15711097647294908,-0.019542591059935943,0.20187796470086805,96.87902223200834,32901,7,NA,NA,NA,5,5.365622750422986,0.9318582823598317,0.8174844784931687,,0.09116768682046605
"Martins, 2019",psychology,Aggression: Towards peers,Screen use: General,All,0.01,r,-0.02,0.05,3,707,NA,0.01,-0.02,0.05,NA,NA,NA,NA,NA,NA,NA,NA,NA,NA,NA,NA,NA,NA,NA,,NA
"Liu, 2019",psychology,Psychological health: Anxiety,Social Media: Instant messaging,All,-0.21,r,-0.27,-0.15,3,984,0,-0.21,-0.27,-0.15,-0.20710217204279718,-0.2669217334939517,-0.1472826105916427,-0.30753150011911845,-0.10667284396647592,0,984,2,NA,NA,NA,2,1.8296284701041712,1.0931181016690938,0.829631079304338,,-0.20710217204279718
"Liu, 2019",psychology,Psychological health: Depression,Social Media: Instant messaging,All,0,r,-0.22,0.22,2,804,93.43,0,-0.22,0.22,-0.10965481244735081,-0.668146296962356,0.44883667206765426,-1.0472899800335993,0.8279803551388978,97.30340934684975,804,2,NA,NA,NA,2,1.5517613469648692,1.2888579831633598,0.5944146794064775,,-0.10965481244735081
"Liu, 2019",psychology,Psychological health: Satisfaction,Social Media: Instant messaging,All,-0.03,r,-0.09,0.03,1,1210,0,-0.03,-0.09,0.03,-0.029999999999999995,-0.08631756896704391,0.026317568967043927,-0.12454993438677149,0.0645499343867715,0,1210,1,NA,NA,NA,0,0.1811907930187463,0,1,,-0.029999999999999995
"Liu, 2019",psychology,Psychological health: Depression,Video games: General,All,0.05,r,-0.01,0.12,2,869,0,0.05,-0.01,0.12,0.05194070512536277,-0.014413589285298158,0.11829499953602371,-0.05945959673212376,0.1633410069828493,0,869,2,NA,NA,NA,0,0.38411285917902566,0,1,,0.05194070512536277
"Andrade, 2019",psychology,Healthy behavior: Self-efficacy,Video games: Physically active,All,0.27,d,-0.04,0.58,3,165,0,0.13378637625248027,-0.01999600119960014,0.2785244502458322,0.1265785079700507,-0.042410367014772826,0.2955673829548743,-0.1571320167377786,0.41028903267788003,0,133,3,NA,NA,NA,0,0.4065564427025793,0,1,,0.1265785079700507
"Andrade, 2019",psychology,Healthy behavior: Self-efficacy,Video games: Physically active,All,0.42,d,-0.09,0.94,2,60,0,0.2055172342864138,-0.0449545065814817,0.4253611398224214,0.22730491051559265,0.08940928799679732,0.365200533034388,-0.004204053747490805,0.4588138747786761,0,185,4,NA,NA,NA,2,1.4556700106172848,1.3739377643370485,0.4622123457930578,,0.22730491051559265
"Andrade, 2019",psychology,Psychological health: Depression,Video games: Physically active,All,0.21,d,-0.2,0.62,2,91,0,0.10442593000399553,-0.09950371902099893,0.29609877111408056,0.1064671349494587,-0.10224358443906123,0.3151778543379786,-0.24393124314012454,0.45686551303904194,0,88,2,NA,NA,NA,0,0.21787716235385235,0,1,,0.1064671349494587
"Andrade, 2019",psychology,Psychological health: Enjoyment,Video games: Physically active,All,0.76,d,0.07,1.46,2,39,0,0.3552177606235726,0.034978582175618625,0.5896115033098315,0.36319331009326206,0.016395902254092487,0.7099907179324316,-0.21903480731507052,0.9454214275015946,0,26,2,NA,NA,NA,0,0.6115702015031953,0,1,,0.36319331009326206
"Andrade, 2019",psychology,Self-perceptions: General,Video games: Physically active,All,0.42,d,0.06,0.79,3,120,0,0.2055172342864138,0.029986509105671005,0.3673782850838043,0.22404722889409728,0.030241405248634362,0.4178530525395602,-0.10132775169456787,0.5494222094827624,0,94,2,NA,NA,NA,1,0.7186979760543634,1.3914050593129241,0.5926911361217818,,0.22404722889409728
"Andrade, 2019",psychology,Self-perceptions: Self-esteem,Video games: Physically active,All,-0.37,d,-0.66,-0.09,4,213,5,-0.18191319961098118,-0.31337745420390184,-0.0449545065814817,-0.14263864266953508,-0.2814403395893448,-0.0038369457497253456,-0.37566878898533773,0.09039150364626758,1.026491252552937,192,4,NA,NA,NA,1,0.6980139743431214,1.4326360742864324,0.5360598995286646,,-0.14263864266953508
"Andrade, 2019",psychology,Self-perceptions: Self-esteem,Video games: Physically active,All,0.42,d,-0.09,0.94,2,60,0,0.2055172342864138,-0.0449545065814817,0.4253611398224214,0.23064510056370585,0.03440032988009964,0.42688987124731204,-0.09882455752363123,0.5601147586510429,0,91,2,NA,NA,NA,1,0.7370819231230104,1.3567012955127264,0.6064779071521837,,0.23064510056370585
"McArthur, 2018",education,Literacy: General,Intervention: Literacy,All,0.31,d,-0.02,0.64,6,294,43.22,0.15317095441319076,-0.009999500037496877,0.30477572710378376,0.22048653779066732,0.11141123784451322,0.3295618377368214,0.03736317784660942,0.4036098977347252,0,294,6,NA,NA,NA,1,2.1461440132811975,0.46595195560577485,0.9410814723293695,,0.22048653779066732
